id,ageGroup,sex,location,age
ZHY,0_10,female,HeadNeck,6
DHZ,0_10,female,HeadNeck,6
SMZ,0_10,male,PalmSole,6
N25,0_10,female,Body,7
ZJH,0_10,male,HeadNeck,8
XYANG,0_10,female,HeadNeck,8
WSN,0_10,male,PalmSole,8
DZH,0_10,female,HeadNeck,8
FNX_1,0_10,female,PalmSole,9
FNX_2,0_10,female,PalmSole,9
ZYAN_2,0_10,female,PalmSole,9
YQF,0_10,male,HeadNeck,10
DBL_E,0_10,male,Extremities,10
WMY,11_20,male,PalmSole,11
KHL,11_20,male,Extremities,11
JBY,11_20,male,PalmSole,12
JBY_2,11_20,male,PalmSole,12
YJING,11_20,male,HeadNeck,12
LZY,11_20,male,Extremities,13
N14,11_20,female,HeadNeck,14
SGH,11_20,male,HeadNeck,14
CYF,11_20,female,Extremities,15
WSL,11_20,male,PalmSole,16
N24,11_20,male,Extremities,17
ZLJ_1,11_20,female,HeadNeck,18
WSB,11_20,male,PalmSole,18
ZYU,11_20,male,PalmSole,18
TMY,11_20,female,Extremities,19
YC1,11_20,female,HeadNeck,20
DYF,21_30,female,HeadNeck,20
DYY,21_30,female,PalmSole,21
WSY,21_30,female,HeadNeck,22
ZYX,21_30,female,HeadNeck,22
LSL,21_30,female,HeadNeck,23
PYX,21_30,male,HeadNeck,23
AYT,21_30,male,Extremities,23
ZX,21_30,male,Perinaeum,24
LMENG,21_30,female,HeadNeck,25
LPP,21_30,female,PalmSole,25
ZBO,21_30,male,HeadNeck,25
CXL,21_30,male,Body,25
LYH,21_30,male,PalmSole,25
LSHUAI,21_30,male,Extremities,26
ZYANG,21_30,female,PalmSole,27
TBL,21_30,female,Body,28
WHRU,21_30,female,HeadNeck,28
LIUJING,21_30,female,HeadNeck,28
ZYUE,21_30,female,PalmSole,28
ZQI,21_30,male,HeadNeck,28
GYC,21_30,female,PalmSole,29
LYX,21_30,female,PalmSole,29
ZBY,21_30,male,PalmSole,29
N27,21_30,female,HeadNeck,30
ZPY,21_30,female,PalmSole,30
YRX_1,21_30,female,PalmSole,30
YRX_2,21_30,female,PalmSole,30
RNA42,21_30,male,Perinaeum,30
PWEN,21_30,female,Extremities,30
HXIAO,21_30,female,PalmSole,30
CYC,31_40,male,HeadNeck,31
RNA1,31_40,male,Perinaeum,31
RNA31,31_40,male,Perinaeum,31
RNA34,31_40,male,Perinaeum,31
RNA41,31_40,male,Perinaeum,31
RNA49,31_40,male,Perinaeum,31
PXI,31_40,male,Body,31
LXI,31_40,female,Body,31
LXD,31_40,male,PalmSole,31
CT,31_40,male,Extremities,31
WJING,31_40,female,PalmSole,31
WTING,31_40,female,Body,31
ZFU,31_40,female,Perinaeum,32
ZWP,31_40,female,HeadNeck,32
N23,31_40,female,Extremities,32
WCM,31_40,female,PalmSole,32
RNA8,31_40,male,Perinaeum,33
HYING,31_40,female,HeadNeck,33
LCONG,31_40,female,Body,33
WXI,31_40,female,PalmSole,33
RNA46,31_40,male,Perinaeum,34
TXP,31_40,male,HeadNeck,34
N19,31_40,female,PalmSole,34
HSY,31_40,male,Extremities,34
YYANG,31_40,female,Extremities,34
WYU,31_40,female,PalmSole,34
CXJ,31_40,female,Perinaeum,35
RNA6,31_40,male,Perinaeum,35
ZYAN_1,31_40,female,PalmSole,35
CDJIE,31_40,female,HeadNeck,36
LHANG,31_40,male,HeadNeck,36
LXB,31_40,female,Body,36
CX,31_40,male,Extremities,36
RNA25,31_40,male,Perinaeum,36
RNA39,31_40,male,Perinaeum,36
N11,31_40,female,HeadNeck,36
N16,31_40,male,Extremities,37
CCHAO_1,31_40,female,PalmSole,37
CCHAO_2,31_40,female,PalmSole,37
RNA2,31_40,male,Perinaeum,37
RNA17,31_40,male,Perinaeum,37
RNA33,31_40,male,Perinaeum,37
CCHAO,31_40,male,HeadNeck,37
N8,31_40,female,HeadNeck,38
LXW_2,31_40,female,HeadNeck,38
LXW_1,31_40,female,Body,38
WY1,31_40,female,PalmSole,38
WY2,31_40,female,PalmSole,38
YJH,31_40,female,Extremities,38
LFENG,31_40,male,PalmSole,38
RNA27,31_40,male,Perinaeum,39
CYUAN,31_40,female,HeadNeck,39
ZYAO,31_40,female,Extremities,39
ZLI,31_40,female,PalmSole,39
SYU,31_40,female,HeadNeck,39
GYJ_1,31_40,female,PalmSole,39
GYJ_2,31_40,female,PalmSole,39
WYY,31_40,female,PalmSole,40
LDD,31_40,female,HeadNeck,40
JMY,41_50,female,HeadNeck,41
FXQ,41_50,male,Body,41
XZX,41_50,female,HeadNeck,41
HXJ,41_50,female,HeadNeck,42
YHY,41_50,female,Extremities,42
CHP,41_50,male,Extremities,42
SWEI,41_50,male,HeadNeck,43
LTM,41_50,male,Body,43
HCX,41_50,female,Extremities,44
SLH,41_50,female,Extremities,44
CQH,41_50,female,HeadNeck,44
XXHONG,41_50,female,Extremities,45
LFEI,41_50,male,HeadNeck,46
WYG_1,41_50,male,Body,46
WYG_3,41_50,male,Body,46
WJZ,41_50,male,PalmSole,46
YWH,41_50,female,PalmSole,47
YLEI,41_50,female,Perinaeum,47
XJING,41_50,female,PalmSole,49
N26,41_50,female,Extremities,50
CQY,41_50,male,Extremities,50
ZLR_1,41_50,female,Body,51
JGZ,41_50,female,Body,51
CXS,41_50,female,PalmSole,51
WZHONG,51_60,male,HeadNeck,52
HBC,51_60,female,HeadNeck,53
XHUI,51_60,female,HeadNeck,53
ZZS,51_60,male,Extremities,54
ZYJ_E,51_60,female,PalmSole,54
LGFANG,51_60,female,Extremities,55
SXH,51_60,female,HeadNeck,55
N7,51_60,male,Body,55
LFG,51_60,male,Body,55
N1,51_60,male,HeadNeck,56
LLY,51_60,female,Extremities,56
WL,51_60,male,Extremities,56
GQL,51_60,female,HeadNeck,57
ZXX,51_60,female,Extremities,59
LJY,61_70,female,PalmSole,61
JLJ,61_70,female,PalmSole,61
LRH,61_70,female,PalmSole,61
ZYH,61_70,male,Body,63
GHONG,61_70,male,Extremities,65
ZDY,61_70,female,Extremities,65
LFL,61_70,female,PalmSole,65
N3,61_70,female,HeadNeck,66
XY,61_70,female,HeadNeck,67
YFY,61_70,female,PalmSole,68
ZHR,61_70,female,HeadNeck,69
LDX,over70,male,Extremities,74
N15,over70,female,Body,86
SYC,over70,male,Extremities,88
